image,solution,width,height,seams,runs,height_tiles,greedy_batch_size,threads,t_s_sec,t_p_sec,speedup
720x480.png,sequential,720,480,128,5,0,0,1,0.732157092,0.732157092,1.000000000
720x480.png,basic_parallel,720,480,128,5,0,0,1,0.732157092,0.886578271,0.825823412
720x480.png,basic_parallel,720,480,128,5,0,0,2,0.732157092,0.509422631,1.437229222
720x480.png,basic_parallel,720,480,128,5,0,0,4,0.732157092,0.280656855,2.608726920
720x480.png,basic_parallel,720,480,128,5,0,0,8,0.732157092,0.178056542,4.111935924
720x480.png,basic_parallel,720,480,128,5,0,0,16,0.732157092,1.009859474,0.725008886
720x480.png,basic_parallel,720,480,128,5,0,0,32,0.732157092,2.426759451,0.301701552
720x480.png,top_bottom_parallel,720,480,128,5,4,0,1,0.732157092,0.946249079,0.773746689
720x480.png,top_bottom_parallel,720,480,128,5,4,0,2,0.732157092,0.548406900,1.335061780
720x480.png,top_bottom_parallel,720,480,128,5,4,0,4,0.732157092,0.299914885,2.441216257
720x480.png,top_bottom_parallel,720,480,128,5,4,0,8,0.732157092,0.181040729,4.044156784
720x480.png,top_bottom_parallel,720,480,128,5,4,0,16,0.732157092,0.391149122,1.871810648
720x480.png,top_bottom_parallel,720,480,128,5,4,0,32,0.732157092,0.730230918,1.002637761
720x480.png,top_bottom_parallel,720,480,128,5,6,0,1,0.732157092,0.949517763,0.771083092
720x480.png,top_bottom_parallel,720,480,128,5,6,0,2,0.732157092,0.523901864,1.397508088
720x480.png,top_bottom_parallel,720,480,128,5,6,0,4,0.732157092,0.287734095,2.544561474
720x480.png,top_bottom_parallel,720,480,128,5,6,0,8,0.732157092,0.161894840,4.522423897
720x480.png,top_bottom_parallel,720,480,128,5,6,0,16,0.732157092,0.322323100,2.271500527
720x480.png,top_bottom_parallel,720,480,128,5,6,0,32,0.732157092,0.544280647,1.345183034
720x480.png,top_bottom_parallel,720,480,128,5,8,0,1,0.732157092,0.948168067,0.772180711
720x480.png,top_bottom_parallel,720,480,128,5,8,0,2,0.732157092,0.515173595,1.421185208
720x480.png,top_bottom_parallel,720,480,128,5,8,0,4,0.732157092,0.276037386,2.652383806
720x480.png,top_bottom_parallel,720,480,128,5,8,0,8,0.732157092,0.152944030,4.787091672
720x480.png,top_bottom_parallel,720,480,128,5,8,0,16,0.732157092,0.275705829,2.655573496
720x480.png,top_bottom_parallel,720,480,128,5,8,0,32,0.732157092,0.457567247,1.600108175
720x480.png,top_bottom_parallel,720,480,128,5,16,0,1,0.732157092,0.958128018,0.764153723
720x480.png,top_bottom_parallel,720,480,128,5,16,0,2,0.732157092,0.525817891,1.392415711
720x480.png,top_bottom_parallel,720,480,128,5,16,0,4,0.732157092,0.276193802,2.650881689
720x480.png,top_bottom_parallel,720,480,128,5,16,0,8,0.732157092,0.150132885,4.876727004
720x480.png,top_bottom_parallel,720,480,128,5,16,0,16,0.732157092,0.236925984,3.090235522
720x480.png,top_bottom_parallel,720,480,128,5,16,0,32,0.732157092,0.333664245,2.194292927
720x480.png,triangular_one_way_parallel,720,480,128,5,4,0,1,0.732157092,0.946501105,0.773540663
720x480.png,triangular_one_way_parallel,720,480,128,5,4,0,2,0.732157092,0.564966555,1.295929973
720x480.png,triangular_one_way_parallel,720,480,128,5,4,0,4,0.732157092,0.318646366,2.297710475
720x480.png,triangular_one_way_parallel,720,480,128,5,4,0,8,0.732157092,0.184793615,3.962025911
720x480.png,triangular_one_way_parallel,720,480,128,5,4,0,16,0.732157092,0.620633488,1.179693179
720x480.png,triangular_one_way_parallel,720,480,128,5,4,0,32,0.732157092,1.276225229,0.573689562
720x480.png,triangular_one_way_parallel,720,480,128,5,6,0,1,0.732157092,0.935714126,0.782458095
720x480.png,triangular_one_way_parallel,720,480,128,5,6,0,2,0.732157092,0.537490066,1.362177905
720x480.png,triangular_one_way_parallel,720,480,128,5,6,0,4,0.732157092,0.296795769,2.466871731
720x480.png,triangular_one_way_parallel,720,480,128,5,6,0,8,0.732157092,0.169737644,4.313463261
720x480.png,triangular_one_way_parallel,720,480,128,5,6,0,16,0.732157092,0.472285566,1.550242364
720x480.png,triangular_one_way_parallel,720,480,128,5,6,0,32,0.732157092,0.908578244,0.805827233
720x480.png,triangular_one_way_parallel,720,480,128,5,8,0,1,0.732157092,0.930051704,0.787221924
720x480.png,triangular_one_way_parallel,720,480,128,5,8,0,2,0.732157092,0.536112808,1.365677300
720x480.png,triangular_one_way_parallel,720,480,128,5,8,0,4,0.732157092,0.304864456,2.401582339
720x480.png,triangular_one_way_parallel,720,480,128,5,8,0,8,0.732157092,0.167725631,4.365206969
720x480.png,triangular_one_way_parallel,720,480,128,5,8,0,16,0.732157092,0.396508084,1.846512395
720x480.png,triangular_one_way_parallel,720,480,128,5,8,0,32,0.732157092,0.731912984,1.000333522
720x480.png,triangular_one_way_parallel,720,480,128,5,16,0,1,0.732157092,0.933961781,0.783926181
720x480.png,triangular_one_way_parallel,720,480,128,5,16,0,2,0.732157092,0.507827379,1.441744030
720x480.png,triangular_one_way_parallel,720,480,128,5,16,0,4,0.732157092,0.270830683,2.703375721
720x480.png,triangular_one_way_parallel,720,480,128,5,16,0,8,0.732157092,0.150886312,4.852375811
720x480.png,triangular_one_way_parallel,720,480,128,5,16,0,16,0.732157092,0.281419831,2.601654227
720x480.png,triangular_one_way_parallel,720,480,128,5,16,0,32,0.732157092,0.473264696,1.547035091
720x480.png,greedy_parallel,720,480,128,5,0,0,1,0.732157092,0.138198314,5.297872819
720x480.png,greedy_parallel,720,480,128,5,0,0,2,0.732157092,0.097289685,7.525536704
720x480.png,greedy_parallel,720,480,128,5,0,0,4,0.732157092,0.076895208,9.521491750
720x480.png,greedy_parallel,720,480,128,5,0,0,8,0.732157092,0.065986113,11.095623833
720x480.png,greedy_parallel,720,480,128,5,0,0,16,0.732157092,0.067776319,10.802550206
720x480.png,greedy_parallel,720,480,128,5,0,0,32,0.732157092,0.067552215,10.838387674
720x480.png,greedy_parallel,720,480,128,5,0,1,1,0.732157092,0.987046280,0.741765718
720x480.png,greedy_parallel,720,480,128,5,0,1,2,0.732157092,0.521815728,1.403095104
720x480.png,greedy_parallel,720,480,128,5,0,1,4,0.732157092,0.296217368,2.471688604
720x480.png,greedy_parallel,720,480,128,5,0,1,8,0.732157092,0.178466578,4.102488548
720x480.png,greedy_parallel,720,480,128,5,0,1,16,0.732157092,0.189730746,3.858926960
720x480.png,greedy_parallel,720,480,128,5,0,1,32,0.732157092,0.197522785,3.706696888
720x480.png,greedy_parallel,720,480,128,5,0,2,1,0.732157092,0.533523237,1.372305912
720x480.png,greedy_parallel,720,480,128,5,0,2,2,0.732157092,0.295784713,2.475304031
720x480.png,greedy_parallel,720,480,128,5,0,2,4,0.732157092,0.179418838,4.080714720
720x480.png,greedy_parallel,720,480,128,5,0,2,8,0.732157092,0.116860296,6.265233915
720x480.png,greedy_parallel,720,480,128,5,0,2,16,0.732157092,0.122899034,5.957386897
720x480.png,greedy_parallel,720,480,128,5,0,2,32,0.732157092,0.127231280,5.754536875
720x480.png,greedy_parallel,720,480,128,5,0,4,1,0.732157092,0.290567211,2.519751251
720x480.png,greedy_parallel,720,480,128,5,0,4,2,0.732157092,0.175131385,4.180616121
720x480.png,greedy_parallel,720,480,128,5,0,4,4,0.732157092,0.114709526,6.382705251
720x480.png,greedy_parallel,720,480,128,5,0,4,8,0.732157092,0.083911347,8.725364594
720x480.png,greedy_parallel,720,480,128,5,0,4,16,0.732157092,0.087714344,8.347062261
720x480.png,greedy_parallel,720,480,128,5,0,4,32,0.732157092,0.088056870,8.314593652
720x480.png,greedy_parallel,720,480,128,5,0,8,1,0.732157092,0.171308803,4.273902325
720x480.png,greedy_parallel,720,480,128,5,0,8,2,0.732157092,0.113056353,6.476036689
720x480.png,greedy_parallel,720,480,128,5,0,8,4,0.732157092,0.082291512,8.897115543
720x480.png,greedy_parallel,720,480,128,5,0,8,8,0.732157092,0.066908613,10.942643337
720x480.png,greedy_parallel,720,480,128,5,0,8,16,0.732157092,0.069287672,10.566917126
720x480.png,greedy_parallel,720,480,128,5,0,8,32,0.732157092,0.069508638,10.533325288
720x480.png,greedy_parallel,720,480,128,5,0,16,1,0.732157092,0.138611963,5.282062777
720x480.png,greedy_parallel,720,480,128,5,0,16,2,0.732157092,0.096894500,7.556229647
720x480.png,greedy_parallel,720,480,128,5,0,16,4,0.732157092,0.075939502,9.641320700
720x480.png,greedy_parallel,720,480,128,5,0,16,8,0.732157092,0.065292306,11.213527926
720x480.png,greedy_parallel,720,480,128,5,0,16,16,0.732157092,0.067281722,10.881961228
720x480.png,greedy_parallel,720,480,128,5,0,16,32,0.732157092,0.066955235,10.935023901
720x480.png,greedy_parallel,720,480,128,5,0,32,1,0.732157092,0.138932911,5.269860734
720x480.png,greedy_parallel,720,480,128,5,0,32,2,0.732157092,0.097465301,7.511976960
720x480.png,greedy_parallel,720,480,128,5,0,32,4,0.732157092,0.076251204,9.601908641
720x480.png,greedy_parallel,720,480,128,5,0,32,8,0.732157092,0.065753366,11.134899081
720x480.png,greedy_parallel,720,480,128,5,0,32,16,0.732157092,0.067782329,10.801592368
720x480.png,greedy_parallel,720,480,128,5,0,32,32,0.732157092,0.067704096,10.814073830
720x480.png,greedy_parallel,720,480,128,5,0,64,1,0.732157092,0.139464532,5.249772690
720x480.png,greedy_parallel,720,480,128,5,0,64,2,0.732157092,0.097398339,7.517141463
720x480.png,greedy_parallel,720,480,128,5,0,64,4,0.732157092,0.076210393,9.607050478
720x480.png,greedy_parallel,720,480,128,5,0,64,8,0.732157092,0.065793868,11.128044492
720x480.png,greedy_parallel,720,480,128,5,0,64,16,0.732157092,0.067717866,10.811874852
720x480.png,greedy_parallel,720,480,128,5,0,64,32,0.732157092,0.067565149,10.836312788
1024x768.png,sequential,1024,768,128,5,0,0,1,1.721005123,1.721005123,1.000000000
1024x768.png,basic_parallel,1024,768,128,5,0,0,1,1.721005123,2.231099917,0.771370708
1024x768.png,basic_parallel,1024,768,128,5,0,0,2,1.721005123,1.207849498,1.424850634
1024x768.png,basic_parallel,1024,768,128,5,0,0,4,1.721005123,0.678152610,2.537784414
1024x768.png,basic_parallel,1024,768,128,5,0,0,8,1.721005123,0.404780292,4.251701868
1024x768.png,basic_parallel,1024,768,128,5,0,0,16,1.721005123,1.696645604,1.014357458
1024x768.png,basic_parallel,1024,768,128,5,0,0,32,1.721005123,3.818517965,0.450699758
1024x768.png,top_bottom_parallel,1024,768,128,5,4,0,1,1.721005123,2.214394068,0.777190089
1024x768.png,top_bottom_parallel,1024,768,128,5,4,0,2,1.721005123,1.304056906,1.319731612
1024x768.png,top_bottom_parallel,1024,768,128,5,4,0,4,1.721005123,0.696944366,2.469357968
1024x768.png,top_bottom_parallel,1024,768,128,5,4,0,8,1.721005123,0.393924463,4.368870901
1024x768.png,top_bottom_parallel,1024,768,128,5,4,0,16,1.721005123,0.729643949,2.358691695
1024x768.png,top_bottom_parallel,1024,768,128,5,4,0,32,1.721005123,1.279869237,1.344672622
1024x768.png,top_bottom_parallel,1024,768,128,5,6,0,1,1.721005123,2.215048558,0.776960449
1024x768.png,top_bottom_parallel,1024,768,128,5,6,0,2,1.721005123,1.227617334,1.401906828
1024x768.png,top_bottom_parallel,1024,768,128,5,6,0,4,1.721005123,0.657912555,2.615856938
1024x768.png,top_bottom_parallel,1024,768,128,5,6,0,8,1.721005123,0.379367829,4.536507824
1024x768.png,top_bottom_parallel,1024,768,128,5,6,0,16,1.721005123,0.602080142,2.858431964
1024x768.png,top_bottom_parallel,1024,768,128,5,6,0,32,1.721005123,0.960674179,1.791455584
1024x768.png,top_bottom_parallel,1024,768,128,5,8,0,1,1.721005123,2.208688462,0.779197769
1024x768.png,top_bottom_parallel,1024,768,128,5,8,0,2,1.721005123,1.211849507,1.420147562
1024x768.png,top_bottom_parallel,1024,768,128,5,8,0,4,1.721005123,0.650684243,2.644915936
1024x768.png,top_bottom_parallel,1024,768,128,5,8,0,8,1.721005123,0.365260735,4.711716748
1024x768.png,top_bottom_parallel,1024,768,128,5,8,0,16,1.721005123,0.541257615,3.179641402
1024x768.png,top_bottom_parallel,1024,768,128,5,8,0,32,1.721005123,0.817442195,2.105353911
1024x768.png,top_bottom_parallel,1024,768,128,5,16,0,1,1.721005123,2.233318243,0.770604516
1024x768.png,top_bottom_parallel,1024,768,128,5,16,0,2,1.721005123,1.254657258,1.371693434
1024x768.png,top_bottom_parallel,1024,768,128,5,16,0,4,1.721005123,0.655362245,2.626036420
1024x768.png,top_bottom_parallel,1024,768,128,5,16,0,8,1.721005123,0.350474934,4.910494177
1024x768.png,top_bottom_parallel,1024,768,128,5,16,0,16,1.721005123,0.463720074,3.711301754
1024x768.png,top_bottom_parallel,1024,768,128,5,16,0,32,1.721005123,0.608274552,2.829322905
1024x768.png,triangular_one_way_parallel,1024,768,128,5,4,0,1,1.721005123,2.214117823,0.777287055
1024x768.png,triangular_one_way_parallel,1024,768,128,5,4,0,2,1.721005123,1.319479657,1.304305916
1024x768.png,triangular_one_way_parallel,1024,768,128,5,4,0,4,1.721005123,0.699371889,2.460786813
1024x768.png,triangular_one_way_parallel,1024,768,128,5,4,0,8,1.721005123,0.421386683,4.084146922
1024x768.png,triangular_one_way_parallel,1024,768,128,5,4,0,16,1.721005123,1.121995042,1.533879437
1024x768.png,triangular_one_way_parallel,1024,768,128,5,4,0,32,1.721005123,2.113810224,0.814172012
1024x768.png,triangular_one_way_parallel,1024,768,128,5,6,0,1,1.721005123,2.187126905,0.786879407
1024x768.png,triangular_one_way_parallel,1024,768,128,5,6,0,2,1.721005123,1.278156791,1.346474184
1024x768.png,triangular_one_way_parallel,1024,768,128,5,6,0,4,1.721005123,0.684138088,2.515581507
1024x768.png,triangular_one_way_parallel,1024,768,128,5,6,0,8,1.721005123,0.389945228,4.413453482
1024x768.png,triangular_one_way_parallel,1024,768,128,5,6,0,16,1.721005123,0.858119295,2.005554627
1024x768.png,triangular_one_way_parallel,1024,768,128,5,6,0,32,1.721005123,1.541951791,1.116121226
1024x768.png,triangular_one_way_parallel,1024,768,128,5,8,0,1,1.721005123,2.174259595,0.791536175
1024x768.png,triangular_one_way_parallel,1024,768,128,5,8,0,2,1.721005123,1.248747957,1.378184535
1024x768.png,triangular_one_way_parallel,1024,768,128,5,8,0,4,1.721005123,0.668984818,2.572562300
1024x768.png,triangular_one_way_parallel,1024,768,128,5,8,0,8,1.721005123,0.389451843,4.419044756
1024x768.png,triangular_one_way_parallel,1024,768,128,5,8,0,16,1.721005123,0.722791392,2.381053705
1024x768.png,triangular_one_way_parallel,1024,768,128,5,8,0,32,1.721005123,1.255294127,1.370997510
1024x768.png,triangular_one_way_parallel,1024,768,128,5,16,0,1,1.721005123,2.188240131,0.786479097
1024x768.png,triangular_one_way_parallel,1024,768,128,5,16,0,2,1.721005123,1.224384177,1.405608758
1024x768.png,triangular_one_way_parallel,1024,768,128,5,16,0,4,1.721005123,0.643775026,2.673302089
1024x768.png,triangular_one_way_parallel,1024,768,128,5,16,0,8,1.721005123,0.364969762,4.715473176
1024x768.png,triangular_one_way_parallel,1024,768,128,5,16,0,16,1.721005123,0.540836905,3.182114803
1024x768.png,triangular_one_way_parallel,1024,768,128,5,16,0,32,1.721005123,0.818460108,2.102735497
1024x768.png,greedy_parallel,1024,768,128,5,0,0,1,1.721005123,0.159810303,10.769049854
1024x768.png,greedy_parallel,1024,768,128,5,0,0,2,1.721005123,0.142449292,12.081528105
1024x768.png,greedy_parallel,1024,768,128,5,0,0,4,1.721005123,0.133936351,12.849425194
1024x768.png,greedy_parallel,1024,768,128,5,0,0,8,1.721005123,0.129516469,13.287924949
1024x768.png,greedy_parallel,1024,768,128,5,0,0,16,1.721005123,0.130929794,13.144488164
1024x768.png,greedy_parallel,1024,768,128,5,0,0,32,1.721005123,0.130051369,13.233271887
1024x768.png,greedy_parallel,1024,768,128,5,0,1,1,1.721005123,2.224057094,0.773813373
1024x768.png,greedy_parallel,1024,768,128,5,0,1,2,1.721005123,1.192460261,1.443238973
1024x768.png,greedy_parallel,1024,768,128,5,0,1,4,1.721005123,0.664142064,2.591320765
1024x768.png,greedy_parallel,1024,768,128,5,0,1,8,1.721005123,0.407089642,4.227582687
1024x768.png,greedy_parallel,1024,768,128,5,0,1,16,1.721005123,0.424645618,4.052803211
1024x768.png,greedy_parallel,1024,768,128,5,0,1,32,1.721005123,0.432019115,3.983631886
1024x768.png,greedy_parallel,1024,768,128,5,0,2,1,1.721005123,1.207870420,1.424825953
1024x768.png,greedy_parallel,1024,768,128,5,0,2,2,1.721005123,0.669928248,2.568939478
1024x768.png,greedy_parallel,1024,768,128,5,0,2,4,1.721005123,0.399353629,4.309476604
1024x768.png,greedy_parallel,1024,768,128,5,0,2,8,1.721005123,0.263506283,6.531173016
1024x768.png,greedy_parallel,1024,768,128,5,0,2,16,1.721005123,0.270676808,6.358155084
1024x768.png,greedy_parallel,1024,768,128,5,0,2,32,1.721005123,0.276821973,6.217010544
1024x768.png,greedy_parallel,1024,768,128,5,0,4,1,1.721005123,0.674636976,2.551009185
1024x768.png,greedy_parallel,1024,768,128,5,0,4,2,1.721005123,0.399258346,4.310505062
1024x768.png,greedy_parallel,1024,768,128,5,0,4,4,1.721005123,0.261130996,6.590581538
1024x768.png,greedy_parallel,1024,768,128,5,0,4,8,1.721005123,0.193782827,8.881102354
1024x768.png,greedy_parallel,1024,768,128,5,0,4,16,1.721005123,0.200231486,8.595077405
1024x768.png,greedy_parallel,1024,768,128,5,0,4,32,1.721005123,0.202398233,8.503063969
1024x768.png,greedy_parallel,1024,768,128,5,0,8,1,1.721005123,0.407400230,4.224359727
1024x768.png,greedy_parallel,1024,768,128,5,0,8,2,1.721005123,0.261056051,6.592473588
1024x768.png,greedy_parallel,1024,768,128,5,0,8,4,1.721005123,0.194813454,8.834118403
1024x768.png,greedy_parallel,1024,768,128,5,0,8,8,1.721005123,0.157648141,10.916748585
1024x768.png,greedy_parallel,1024,768,128,5,0,8,16,1.721005123,0.160160299,10.745516406
1024x768.png,greedy_parallel,1024,768,128,5,0,8,32,1.721005123,0.160996327,10.689716696
1024x768.png,greedy_parallel,1024,768,128,5,0,16,1,1.721005123,0.257938113,6.672162967
1024x768.png,greedy_parallel,1024,768,128,5,0,16,2,1.721005123,0.190692617,9.025022310
1024x768.png,greedy_parallel,1024,768,128,5,0,16,4,1.721005123,0.156603137,10.989595453
1024x768.png,greedy_parallel,1024,768,128,5,0,16,8,1.721005123,0.139488306,12.337988518
1024x768.png,greedy_parallel,1024,768,128,5,0,16,16,1.721005123,0.140224772,12.273188919
1024x768.png,greedy_parallel,1024,768,128,5,0,16,32,1.721005123,0.140286007,12.267831658
1024x768.png,greedy_parallel,1024,768,128,5,0,32,1,1.721005123,0.192825845,8.925178690
1024x768.png,greedy_parallel,1024,768,128,5,0,32,2,1.721005123,0.156296130,11.011181932
1024x768.png,greedy_parallel,1024,768,128,5,0,32,4,1.721005123,0.138896782,12.390532689
1024x768.png,greedy_parallel,1024,768,128,5,0,32,8,1.721005123,0.129798435,13.259059072
1024x768.png,greedy_parallel,1024,768,128,5,0,32,16,1.721005123,0.131609866,13.076566221
1024x768.png,greedy_parallel,1024,768,128,5,0,32,32,1.721005123,0.131417817,13.095675756
1024x768.png,greedy_parallel,1024,768,128,5,0,64,1,1.721005123,0.158645584,10.848112373
1024x768.png,greedy_parallel,1024,768,128,5,0,64,2,1.721005123,0.140563058,12.243651668
1024x768.png,greedy_parallel,1024,768,128,5,0,64,4,1.721005123,0.131454652,13.092006187
1024x768.png,greedy_parallel,1024,768,128,5,0,64,8,1.721005123,0.126937444,13.557899651
1024x768.png,greedy_parallel,1024,768,128,5,0,64,16,1.721005123,0.128404471,13.402999959
1024x768.png,greedy_parallel,1024,768,128,5,0,64,32,1.721005123,0.127743555,13.472344024
1920x1200.png,sequential,1920,1200,128,5,0,0,1,5.148309556,5.148309556,1.000000000
1920x1200.png,basic_parallel,1920,1200,128,5,0,0,1,5.148309556,6.326358538,0.813787193
1920x1200.png,basic_parallel,1920,1200,128,5,0,0,2,5.148309556,3.433566020,1.499406019
1920x1200.png,basic_parallel,1920,1200,128,5,0,0,4,5.148309556,1.825763974,2.819811119
1920x1200.png,basic_parallel,1920,1200,128,5,0,0,8,5.148309556,1.050359770,4.901472527
1920x1200.png,basic_parallel,1920,1200,128,5,0,0,16,5.148309556,3.281044034,1.569107120
1920x1200.png,basic_parallel,1920,1200,128,5,0,0,32,5.148309556,6.492138813,0.793006697
1920x1200.png,top_bottom_parallel,1920,1200,128,5,4,0,1,5.148309556,6.711163444,0.767126237
1920x1200.png,top_bottom_parallel,1920,1200,128,5,4,0,2,5.148309556,3.609529413,1.426310459
1920x1200.png,top_bottom_parallel,1920,1200,128,5,4,0,4,5.148309556,1.926531320,2.672320715
1920x1200.png,top_bottom_parallel,1920,1200,128,5,4,0,8,5.148309556,1.054199257,4.883620928
1920x1200.png,top_bottom_parallel,1920,1200,128,5,4,0,16,5.148309556,1.594653381,3.228481886
1920x1200.png,top_bottom_parallel,1920,1200,128,5,4,0,32,5.148309556,2.334087044,2.205705896
1920x1200.png,top_bottom_parallel,1920,1200,128,5,6,0,1,5.148309556,6.778768623,0.759475628
1920x1200.png,top_bottom_parallel,1920,1200,128,5,6,0,2,5.148309556,3.555743803,1.447885405
1920x1200.png,top_bottom_parallel,1920,1200,128,5,6,0,4,5.148309556,1.864285247,2.761546048
1920x1200.png,top_bottom_parallel,1920,1200,128,5,6,0,8,5.148309556,1.006863773,5.113213619
1920x1200.png,top_bottom_parallel,1920,1200,128,5,6,0,16,5.148309556,1.393458034,3.694628348
1920x1200.png,top_bottom_parallel,1920,1200,128,5,6,0,32,5.148309556,1.862500769,2.764191909
1920x1200.png,top_bottom_parallel,1920,1200,128,5,8,0,1,5.148309556,6.900529554,0.746074561
1920x1200.png,top_bottom_parallel,1920,1200,128,5,8,0,2,5.148309556,3.554144706,1.448536844
1920x1200.png,top_bottom_parallel,1920,1200,128,5,8,0,4,5.148309556,1.848535523,2.785074721
1920x1200.png,top_bottom_parallel,1920,1200,128,5,8,0,8,5.148309556,0.992069823,5.189462916
1920x1200.png,top_bottom_parallel,1920,1200,128,5,8,0,16,5.148309556,1.280358133,4.020991800
1920x1200.png,top_bottom_parallel,1920,1200,128,5,8,0,32,5.148309556,1.660154734,3.101102235
1920x1200.png,top_bottom_parallel,1920,1200,128,5,16,0,1,5.148309556,7.401815481,0.695546865
1920x1200.png,top_bottom_parallel,1920,1200,128,5,16,0,2,5.148309556,3.810127435,1.351217156
1920x1200.png,top_bottom_parallel,1920,1200,128,5,16,0,4,5.148309556,1.939995600,2.653773831
1920x1200.png,top_bottom_parallel,1920,1200,128,5,16,0,8,5.148309556,1.028608752,5.005119340
1920x1200.png,top_bottom_parallel,1920,1200,128,5,16,0,16,5.148309556,1.183597394,4.349713495
1920x1200.png,top_bottom_parallel,1920,1200,128,5,16,0,32,5.148309556,1.394413771,3.692096036
1920x1200.png,triangular_one_way_parallel,1920,1200,128,5,4,0,1,5.148309556,6.691422308,0.769389424
1920x1200.png,triangular_one_way_parallel,1920,1200,128,5,4,0,2,5.148309556,3.707046472,1.388790131
1920x1200.png,triangular_one_way_parallel,1920,1200,128,5,4,0,4,5.148309556,2.003326726,2.569880134
1920x1200.png,triangular_one_way_parallel,1920,1200,128,5,4,0,8,5.148309556,1.103633786,4.664871283
1920x1200.png,triangular_one_way_parallel,1920,1200,128,5,4,0,16,5.148309556,2.221005885,2.318008065
1920x1200.png,triangular_one_way_parallel,1920,1200,128,5,4,0,32,5.148309556,3.799422435,1.355024255
1920x1200.png,triangular_one_way_parallel,1920,1200,128,5,6,0,1,5.148309556,6.609937506,0.778874165
1920x1200.png,triangular_one_way_parallel,1920,1200,128,5,6,0,2,5.148309556,3.570472997,1.441912475
1920x1200.png,triangular_one_way_parallel,1920,1200,128,5,6,0,4,5.148309556,1.902767407,2.705695681
1920x1200.png,triangular_one_way_parallel,1920,1200,128,5,6,0,8,5.148309556,1.027122238,5.012363052
1920x1200.png,triangular_one_way_parallel,1920,1200,128,5,6,0,16,5.148309556,1.791515440,2.873717658
1920x1200.png,triangular_one_way_parallel,1920,1200,128,5,6,0,32,5.148309556,2.810528711,1.831793974
1920x1200.png,triangular_one_way_parallel,1920,1200,128,5,8,0,1,5.148309556,6.580451509,0.782364181
1920x1200.png,triangular_one_way_parallel,1920,1200,128,5,8,0,2,5.148309556,3.498987736,1.471371135
1920x1200.png,triangular_one_way_parallel,1920,1200,128,5,8,0,4,5.148309556,1.871420255,2.751017332
1920x1200.png,triangular_one_way_parallel,1920,1200,128,5,8,0,8,5.148309556,1.019406279,5.050301984
1920x1200.png,triangular_one_way_parallel,1920,1200,128,5,8,0,16,5.148309556,1.606336779,3.205000112
1920x1200.png,triangular_one_way_parallel,1920,1200,128,5,8,0,32,5.148309556,2.351619308,2.189261476
1920x1200.png,triangular_one_way_parallel,1920,1200,128,5,16,0,1,5.148309556,6.904892114,0.745603186
1920x1200.png,triangular_one_way_parallel,1920,1200,128,5,16,0,2,5.148309556,3.561758982,1.445440183
1920x1200.png,triangular_one_way_parallel,1920,1200,128,5,16,0,4,5.148309556,1.846827383,2.787650651
1920x1200.png,triangular_one_way_parallel,1920,1200,128,5,16,0,8,5.148309556,0.994436202,5.177113972
1920x1200.png,triangular_one_way_parallel,1920,1200,128,5,16,0,16,5.148309556,1.294843657,3.976008631
1920x1200.png,triangular_one_way_parallel,1920,1200,128,5,16,0,32,5.148309556,1.684199011,3.056829699
1920x1200.png,greedy_parallel,1920,1200,128,5,0,0,1,5.148309556,0.725539519,7.095836165
1920x1200.png,greedy_parallel,1920,1200,128,5,0,0,2,5.148309556,0.558757012,9.213861207
1920x1200.png,greedy_parallel,1920,1200,128,5,0,0,4,5.148309556,0.468280444,10.994073353
1920x1200.png,greedy_parallel,1920,1200,128,5,0,0,8,5.148309556,0.422623115,12.181798334
1920x1200.png,greedy_parallel,1920,1200,128,5,0,0,16,5.148309556,0.422122976,12.196231533
1920x1200.png,greedy_parallel,1920,1200,128,5,0,0,32,5.148309556,0.421556688,12.212615053
1920x1200.png,greedy_parallel,1920,1200,128,5,0,1,1,5.148309556,6.532950566,0.788052734
1920x1200.png,greedy_parallel,1920,1200,128,5,0,1,2,5.148309556,3.516629211,1.463989874
1920x1200.png,greedy_parallel,1920,1200,128,5,0,1,4,5.148309556,1.978981376,2.601494697
1920x1200.png,greedy_parallel,1920,1200,128,5,0,1,8,5.148309556,1.177574718,4.371959993
1920x1200.png,greedy_parallel,1920,1200,128,5,0,1,16,5.148309556,1.231274124,4.181286242
1920x1200.png,greedy_parallel,1920,1200,128,5,0,1,32,5.148309556,1.240077535,4.151602954
1920x1200.png,greedy_parallel,1920,1200,128,5,0,2,1,5.148309556,3.484376409,1.477541158
1920x1200.png,greedy_parallel,1920,1200,128,5,0,2,2,5.148309556,1.944000412,2.648306824
1920x1200.png,greedy_parallel,1920,1200,128,5,0,2,4,5.148309556,1.157694867,4.447034968
1920x1200.png,greedy_parallel,1920,1200,128,5,0,2,8,5.148309556,0.788046118,6.533005411
1920x1200.png,greedy_parallel,1920,1200,128,5,0,2,16,5.148309556,0.795527522,6.471566873
1920x1200.png,greedy_parallel,1920,1200,128,5,0,2,32,5.148309556,0.790483275,6.512863353
1920x1200.png,greedy_parallel,1920,1200,128,5,0,4,1,5.148309556,1.925893734,2.673205414
1920x1200.png,greedy_parallel,1920,1200,128,5,0,4,2,5.148309556,1.154316895,4.460048689
1920x1200.png,greedy_parallel,1920,1200,128,5,0,4,4,5.148309556,0.762570513,6.751257057
1920x1200.png,greedy_parallel,1920,1200,128,5,0,4,8,5.148309556,0.577525700,8.914425030
1920x1200.png,greedy_parallel,1920,1200,128,5,0,4,16,5.148309556,0.580503187,8.868701628
1920x1200.png,greedy_parallel,1920,1200,128,5,0,4,32,5.148309556,0.583416594,8.824413999
1920x1200.png,greedy_parallel,1920,1200,128,5,0,8,1,5.148309556,1.144399283,4.498700438
1920x1200.png,greedy_parallel,1920,1200,128,5,0,8,2,5.148309556,0.762813031,6.749110657
1920x1200.png,greedy_parallel,1920,1200,128,5,0,8,4,5.148309556,0.567433129,9.072980226
1920x1200.png,greedy_parallel,1920,1200,128,5,0,8,8,5.148309556,0.462385046,11.134247524
1920x1200.png,greedy_parallel,1920,1200,128,5,0,8,16,5.148309556,0.467609337,11.009851928
1920x1200.png,greedy_parallel,1920,1200,128,5,0,8,32,5.148309556,0.470927141,10.932284642
1920x1200.png,greedy_parallel,1920,1200,128,5,0,16,1,5.148309556,0.809514341,6.359750896
1920x1200.png,greedy_parallel,1920,1200,128,5,0,16,2,5.148309556,0.587762663,8.759163999
1920x1200.png,greedy_parallel,1920,1200,128,5,0,16,4,5.148309556,0.474637924,10.846814574
1920x1200.png,greedy_parallel,1920,1200,128,5,0,16,8,5.148309556,0.417974737,12.317274466
1920x1200.png,greedy_parallel,1920,1200,128,5,0,16,16,5.148309556,0.419986725,12.258267349
1920x1200.png,greedy_parallel,1920,1200,128,5,0,16,32,5.148309556,0.420801268,12.234539080
1920x1200.png,greedy_parallel,1920,1200,128,5,0,32,1,5.148309556,0.728154115,7.070357012
1920x1200.png,greedy_parallel,1920,1200,128,5,0,32,2,5.148309556,0.552151463,9.324089314
1920x1200.png,greedy_parallel,1920,1200,128,5,0,32,4,5.148309556,0.469077931,10.975382155
1920x1200.png,greedy_parallel,1920,1200,128,5,0,32,8,5.148309556,0.423000203,12.170938724
1920x1200.png,greedy_parallel,1920,1200,128,5,0,32,16,5.148309556,0.422424124,12.187536785
1920x1200.png,greedy_parallel,1920,1200,128,5,0,32,32,5.148309556,0.422159550,12.195174931
1920x1200.png,greedy_parallel,1920,1200,128,5,0,64,1,5.148309556,0.722085432,7.129779013
1920x1200.png,greedy_parallel,1920,1200,128,5,0,64,2,5.148309556,0.552549858,9.317366531
1920x1200.png,greedy_parallel,1920,1200,128,5,0,64,4,5.148309556,0.464048810,11.094327676
1920x1200.png,greedy_parallel,1920,1200,128,5,0,64,8,5.148309556,0.422104810,12.196756426
1920x1200.png,greedy_parallel,1920,1200,128,5,0,64,16,5.148309556,0.422533220,12.184390042
1920x1200.png,greedy_parallel,1920,1200,128,5,0,64,32,5.148309556,0.421547669,12.212876341
3840x2160.png,sequential,3840,2160,128,5,0,0,1,19.310676770,19.310676770,1.000000000
3840x2160.png,basic_parallel,3840,2160,128,5,0,0,1,19.310676770,23.354048758,0.826866338
3840x2160.png,basic_parallel,3840,2160,128,5,0,0,2,19.310676770,12.506999807,1.543989531
3840x2160.png,basic_parallel,3840,2160,128,5,0,0,4,19.310676770,6.578576798,2.935388210
3840x2160.png,basic_parallel,3840,2160,128,5,0,0,8,19.310676770,3.644248014,5.298946915
3840x2160.png,basic_parallel,3840,2160,128,5,0,0,16,19.310676770,7.424400525,2.600974544
3840x2160.png,basic_parallel,3840,2160,128,5,0,0,32,19.310676770,13.171374872,1.466109420
3840x2160.png,top_bottom_parallel,3840,2160,128,5,4,0,1,19.310676770,24.626476377,0.784142907
3840x2160.png,top_bottom_parallel,3840,2160,128,5,4,0,2,19.310676770,12.668522665,1.524303763
3840x2160.png,top_bottom_parallel,3840,2160,128,5,4,0,4,19.310676770,6.589257571,2.930630130
3840x2160.png,top_bottom_parallel,3840,2160,128,5,4,0,8,19.310676770,3.745268629,5.156019150
3840x2160.png,top_bottom_parallel,3840,2160,128,5,4,0,16,19.310676770,4.667503255,4.137260483
3840x2160.png,top_bottom_parallel,3840,2160,128,5,4,0,32,19.310676770,6.086767058,3.172567076
3840x2160.png,top_bottom_parallel,3840,2160,128,5,6,0,1,19.310676770,25.064275282,0.770446245
3840x2160.png,top_bottom_parallel,3840,2160,128,5,6,0,2,19.310676770,12.803031115,1.508289451
3840x2160.png,top_bottom_parallel,3840,2160,128,5,6,0,4,19.310676770,6.635328773,2.910281831
3840x2160.png,top_bottom_parallel,3840,2160,128,5,6,0,8,19.310676770,3.714067864,5.199333313
3840x2160.png,top_bottom_parallel,3840,2160,128,5,6,0,16,19.310676770,4.424898530,4.364094824
3840x2160.png,top_bottom_parallel,3840,2160,128,5,6,0,32,19.310676770,5.766687534,3.348660155
3840x2160.png,top_bottom_parallel,3840,2160,128,5,8,0,1,19.310676770,26.285914938,0.734639704
3840x2160.png,top_bottom_parallel,3840,2160,128,5,8,0,2,19.310676770,13.017392417,1.483451997
3840x2160.png,top_bottom_parallel,3840,2160,128,5,8,0,4,19.310676770,6.681720820,2.890075370
3840x2160.png,top_bottom_parallel,3840,2160,128,5,8,0,8,19.310676770,3.803793449,5.076689107
3840x2160.png,top_bottom_parallel,3840,2160,128,5,8,0,16,19.310676770,4.237888446,4.556674159
3840x2160.png,top_bottom_parallel,3840,2160,128,5,8,0,32,19.310676770,4.947358111,3.903230035
3840x2160.png,top_bottom_parallel,3840,2160,128,5,16,0,1,19.310676770,27.460128996,0.703226004
3840x2160.png,top_bottom_parallel,3840,2160,128,5,16,0,2,19.310676770,13.953093749,1.383970976
3840x2160.png,top_bottom_parallel,3840,2160,128,5,16,0,4,19.310676770,7.138379169,2.705190676
3840x2160.png,top_bottom_parallel,3840,2160,128,5,16,0,8,19.310676770,3.723435989,5.186251846
3840x2160.png,top_bottom_parallel,3840,2160,128,5,16,0,16,19.310676770,4.055678308,4.761392622
3840x2160.png,top_bottom_parallel,3840,2160,128,5,16,0,32,19.310676770,4.416585095,4.372309455
3840x2160.png,triangular_one_way_parallel,3840,2160,128,5,4,0,1,19.310676770,24.534083369,0.787095914
3840x2160.png,triangular_one_way_parallel,3840,2160,128,5,4,0,2,19.310676770,12.800116282,1.508632917
3840x2160.png,triangular_one_way_parallel,3840,2160,128,5,4,0,4,19.310676770,6.787547606,2.845015297
3840x2160.png,triangular_one_way_parallel,3840,2160,128,5,4,0,8,19.310676770,3.846068332,5.020887593
3840x2160.png,triangular_one_way_parallel,3840,2160,128,5,4,0,16,19.310676770,5.755353562,3.355254644
3840x2160.png,triangular_one_way_parallel,3840,2160,128,5,4,0,32,19.310676770,8.487003188,2.275323379
3840x2160.png,triangular_one_way_parallel,3840,2160,128,5,6,0,1,19.310676770,24.289400837,0.795024830
3840x2160.png,triangular_one_way_parallel,3840,2160,128,5,6,0,2,19.310676770,12.505728711,1.544146464
3840x2160.png,triangular_one_way_parallel,3840,2160,128,5,6,0,4,19.310676770,6.540083487,2.952665178
3840x2160.png,triangular_one_way_parallel,3840,2160,128,5,6,0,8,19.310676770,3.739140274,5.164469732
3840x2160.png,triangular_one_way_parallel,3840,2160,128,5,6,0,16,19.310676770,5.011125498,3.853560798
3840x2160.png,triangular_one_way_parallel,3840,2160,128,5,6,0,32,19.310676770,6.885723547,2.804451361
3840x2160.png,triangular_one_way_parallel,3840,2160,128,5,8,0,1,19.310676770,24.169805428,0.798958718
3840x2160.png,triangular_one_way_parallel,3840,2160,128,5,8,0,2,19.310676770,12.418400922,1.555005100
3840x2160.png,triangular_one_way_parallel,3840,2160,128,5,8,0,4,19.310676770,6.479925909,2.980076785
3840x2160.png,triangular_one_way_parallel,3840,2160,128,5,8,0,8,19.310676770,3.680035228,5.247416280
3840x2160.png,triangular_one_way_parallel,3840,2160,128,5,8,0,16,19.310676770,4.607838729,4.190831734
3840x2160.png,triangular_one_way_parallel,3840,2160,128,5,8,0,32,19.310676770,6.026547525,3.204268562
3840x2160.png,triangular_one_way_parallel,3840,2160,128,5,16,0,1,19.310676770,25.428206093,0.759419548
3840x2160.png,triangular_one_way_parallel,3840,2160,128,5,16,0,2,19.310676770,12.900054884,1.496945319
3840x2160.png,triangular_one_way_parallel,3840,2160,128,5,16,0,4,19.310676770,6.603602761,2.924263840
3840x2160.png,triangular_one_way_parallel,3840,2160,128,5,16,0,8,19.310676770,3.503284641,5.512163227
3840x2160.png,triangular_one_way_parallel,3840,2160,128,5,16,0,16,19.310676770,4.071364595,4.743047772
3840x2160.png,triangular_one_way_parallel,3840,2160,128,5,16,0,32,19.310676770,4.794605526,4.027584056
3840x2160.png,greedy_parallel,3840,2160,128,5,0,0,1,19.310676770,3.727943713,5.179980777
3840x2160.png,greedy_parallel,3840,2160,128,5,0,0,2,19.310676770,2.576961925,7.493582493
3840x2160.png,greedy_parallel,3840,2160,128,5,0,0,4,19.310676770,1.996839386,9.670620937
3840x2160.png,greedy_parallel,3840,2160,128,5,0,0,8,19.310676770,1.699413680,11.363140707
3840x2160.png,greedy_parallel,3840,2160,128,5,0,0,16,19.310676770,1.696338545,11.383739892
3840x2160.png,greedy_parallel,3840,2160,128,5,0,0,32,19.310676770,1.694279752,11.397572772
3840x2160.png,greedy_parallel,3840,2160,128,5,0,1,1,19.310676770,25.801271176,0.748438968
3840x2160.png,greedy_parallel,3840,2160,128,5,0,1,2,19.310676770,13.900755512,1.389181815
3840x2160.png,greedy_parallel,3840,2160,128,5,0,1,4,19.310676770,7.862842224,2.455941022
3840x2160.png,greedy_parallel,3840,2160,128,5,0,1,8,19.310676770,4.645290629,4.157043835
3840x2160.png,greedy_parallel,3840,2160,128,5,0,1,16,19.310676770,4.642869896,4.159211264
3840x2160.png,greedy_parallel,3840,2160,128,5,0,1,32,19.310676770,4.651707487,4.151309347
3840x2160.png,greedy_parallel,3840,2160,128,5,0,2,1,19.310676770,13.671289606,1.412498552
3840x2160.png,greedy_parallel,3840,2160,128,5,0,2,2,19.310676770,7.700991588,2.507557183
3840x2160.png,greedy_parallel,3840,2160,128,5,0,2,4,19.310676770,4.578269417,4.217898732
3840x2160.png,greedy_parallel,3840,2160,128,5,0,2,8,19.310676770,2.964838382,6.513230834
3840x2160.png,greedy_parallel,3840,2160,128,5,0,2,16,19.310676770,2.964009235,6.515052835
3840x2160.png,greedy_parallel,3840,2160,128,5,0,2,32,19.310676770,2.975537932,6.489810316
3840x2160.png,greedy_parallel,3840,2160,128,5,0,4,1,19.310676770,7.499500011,2.574928561
3840x2160.png,greedy_parallel,3840,2160,128,5,0,4,2,19.310676770,4.439215541,4.350020086
3840x2160.png,greedy_parallel,3840,2160,128,5,0,4,4,19.310676770,2.928810191,6.593352082
3840x2160.png,greedy_parallel,3840,2160,128,5,0,4,8,19.310676770,2.121148249,9.103878892
3840x2160.png,greedy_parallel,3840,2160,128,5,0,4,16,19.310676770,2.132037201,9.057382657
3840x2160.png,greedy_parallel,3840,2160,128,5,0,4,32,19.310676770,2.116156076,9.125355635
3840x2160.png,greedy_parallel,3840,2160,128,5,0,8,1,19.310676770,4.632788645,4.168261980
3840x2160.png,greedy_parallel,3840,2160,128,5,0,8,2,19.310676770,3.032783959,6.367310375
3840x2160.png,greedy_parallel,3840,2160,128,5,0,8,4,19.310676770,2.175508397,8.876397259
3840x2160.png,greedy_parallel,3840,2160,128,5,0,8,8,19.310676770,1.761252779,10.964171072
3840x2160.png,greedy_parallel,3840,2160,128,5,0,8,16,19.310676770,1.767957199,10.922592913
3840x2160.png,greedy_parallel,3840,2160,128,5,0,8,32,19.310676770,1.768259026,10.920728514
3840x2160.png,greedy_parallel,3840,2160,128,5,0,16,1,19.310676770,3.713985818,5.199448171
3840x2160.png,greedy_parallel,3840,2160,128,5,0,16,2,19.310676770,2.554860448,7.558407657
3840x2160.png,greedy_parallel,3840,2160,128,5,0,16,4,19.310676770,1.982927954,9.738466158
3840x2160.png,greedy_parallel,3840,2160,128,5,0,16,8,19.310676770,1.681785644,11.482246170
3840x2160.png,greedy_parallel,3840,2160,128,5,0,16,16,19.310676770,1.683176833,11.472755798
3840x2160.png,greedy_parallel,3840,2160,128,5,0,16,32,19.310676770,1.677844357,11.509218177
3840x2160.png,greedy_parallel,3840,2160,128,5,0,32,1,19.310676770,3.745520456,5.155672488
3840x2160.png,greedy_parallel,3840,2160,128,5,0,32,2,19.310676770,2.582080929,7.478726385
3840x2160.png,greedy_parallel,3840,2160,128,5,0,32,4,19.310676770,1.999859672,9.656015892
3840x2160.png,greedy_parallel,3840,2160,128,5,0,32,8,19.310676770,1.700742376,11.354263313
3840x2160.png,greedy_parallel,3840,2160,128,5,0,32,16,19.310676770,1.699933861,11.359663583
3840x2160.png,greedy_parallel,3840,2160,128,5,0,32,32,19.310676770,1.699010907,11.365834490
3840x2160.png,greedy_parallel,3840,2160,128,5,0,64,1,19.310676770,3.723426576,5.186264957
3840x2160.png,greedy_parallel,3840,2160,128,5,0,64,2,19.310676770,2.582457335,7.477636323
3840x2160.png,greedy_parallel,3840,2160,128,5,0,64,4,19.310676770,1.999972710,9.655470133
3840x2160.png,greedy_parallel,3840,2160,128,5,0,64,8,19.310676770,1.696147523,11.385021947
3840x2160.png,greedy_parallel,3840,2160,128,5,0,64,16,19.310676770,1.703755423,11.334183598
3840x2160.png,greedy_parallel,3840,2160,128,5,0,64,32,19.310676770,1.695767370,11.387574212
7680x4320.png,sequential,7680,4320,128,5,0,0,1,78.049651245,78.049651245,1.000000000
7680x4320.png,basic_parallel,7680,4320,128,5,0,0,1,78.049651245,93.613378483,0.833744626
7680x4320.png,basic_parallel,7680,4320,128,5,0,0,2,78.049651245,49.131939806,1.588572557
7680x4320.png,basic_parallel,7680,4320,128,5,0,0,4,78.049651245,26.064133364,2.994523169
7680x4320.png,basic_parallel,7680,4320,128,5,0,0,8,78.049651245,14.281072062,5.465251551
7680x4320.png,basic_parallel,7680,4320,128,5,0,0,16,78.049651245,21.049145827,3.707972375
7680x4320.png,basic_parallel,7680,4320,128,5,0,0,32,78.049651245,32.648822963,2.390580859
7680x4320.png,top_bottom_parallel,7680,4320,128,5,4,0,1,78.049651245,100.426317229,0.777183246
7680x4320.png,top_bottom_parallel,7680,4320,128,5,4,0,2,78.049651245,51.277397548,1.522106327
7680x4320.png,top_bottom_parallel,7680,4320,128,5,4,0,4,78.049651245,26.426542684,2.953456764
7680x4320.png,top_bottom_parallel,7680,4320,128,5,4,0,8,78.049651245,14.443039404,5.403963049
7680x4320.png,top_bottom_parallel,7680,4320,128,5,4,0,16,78.049651245,16.524933371,4.723144686
7680x4320.png,top_bottom_parallel,7680,4320,128,5,4,0,32,78.049651245,19.134450063,4.079011991
7680x4320.png,top_bottom_parallel,7680,4320,128,5,6,0,1,78.049651245,100.944164363,0.773196269
7680x4320.png,top_bottom_parallel,7680,4320,128,5,6,0,2,78.049651245,51.075747806,1.528115683
7680x4320.png,top_bottom_parallel,7680,4320,128,5,6,0,4,78.049651245,26.105797207,2.989744026
7680x4320.png,top_bottom_parallel,7680,4320,128,5,6,0,8,78.049651245,13.939044447,5.599354499
7680x4320.png,top_bottom_parallel,7680,4320,128,5,6,0,16,78.049651245,15.412569673,5.064025850
7680x4320.png,top_bottom_parallel,7680,4320,128,5,6,0,32,78.049651245,17.096133622,4.565339332
7680x4320.png,top_bottom_parallel,7680,4320,128,5,8,0,1,78.049651245,103.003273722,0.757739521
7680x4320.png,top_bottom_parallel,7680,4320,128,5,8,0,2,78.049651245,51.964049019,1.501993257
7680x4320.png,top_bottom_parallel,7680,4320,128,5,8,0,4,78.049651245,26.467104856,2.948930443
7680x4320.png,top_bottom_parallel,7680,4320,128,5,8,0,8,78.049651245,14.034187608,5.561394320
7680x4320.png,top_bottom_parallel,7680,4320,128,5,8,0,16,78.049651245,15.104507275,5.167308660
7680x4320.png,top_bottom_parallel,7680,4320,128,5,8,0,32,78.049651245,16.410681204,4.756027509
7680x4320.png,top_bottom_parallel,7680,4320,128,5,16,0,1,78.049651245,108.967606443,0.716264712
7680x4320.png,top_bottom_parallel,7680,4320,128,5,16,0,2,78.049651245,55.025771258,1.418419941
7680x4320.png,top_bottom_parallel,7680,4320,128,5,16,0,4,78.049651245,27.881206323,2.799364215
7680x4320.png,top_bottom_parallel,7680,4320,128,5,16,0,8,78.049651245,14.441354267,5.404593627
7680x4320.png,top_bottom_parallel,7680,4320,128,5,16,0,16,78.049651245,15.093608778,5.171039769
7680x4320.png,top_bottom_parallel,7680,4320,128,5,16,0,32,78.049651245,15.981119188,4.883866413
7680x4320.png,triangular_one_way_parallel,7680,4320,128,5,4,0,1,78.049651245,99.091463327,0.787652625
7680x4320.png,triangular_one_way_parallel,7680,4320,128,5,4,0,2,78.049651245,50.551377331,1.543966858
7680x4320.png,triangular_one_way_parallel,7680,4320,128,5,4,0,4,78.049651245,26.075478250,2.993220316
7680x4320.png,triangular_one_way_parallel,7680,4320,128,5,4,0,8,78.049651245,14.235036459,5.482925981
7680x4320.png,triangular_one_way_parallel,7680,4320,128,5,4,0,16,78.049651245,18.429902973,4.234946400
7680x4320.png,triangular_one_way_parallel,7680,4320,128,5,4,0,32,78.049651245,23.679868185,3.296034025
7680x4320.png,triangular_one_way_parallel,7680,4320,128,5,6,0,1,78.049651245,97.934328750,0.796959067
7680x4320.png,triangular_one_way_parallel,7680,4320,128,5,6,0,2,78.049651245,49.532914455,1.575712879
7680x4320.png,triangular_one_way_parallel,7680,4320,128,5,6,0,4,78.049651245,25.389132671,3.074136177
7680x4320.png,triangular_one_way_parallel,7680,4320,128,5,6,0,8,78.049651245,13.880053491,5.623152050
7680x4320.png,triangular_one_way_parallel,7680,4320,128,5,6,0,16,78.049651245,16.604352396,4.700553770
7680x4320.png,triangular_one_way_parallel,7680,4320,128,5,6,0,32,78.049651245,20.077771346,3.887366277
7680x4320.png,triangular_one_way_parallel,7680,4320,128,5,8,0,1,78.049651245,97.444576037,0.800964553
7680x4320.png,triangular_one_way_parallel,7680,4320,128,5,8,0,2,78.049651245,49.232329456,1.585333298
7680x4320.png,triangular_one_way_parallel,7680,4320,128,5,8,0,4,78.049651245,25.225044857,3.094133298
7680x4320.png,triangular_one_way_parallel,7680,4320,128,5,8,0,8,78.049651245,13.777968622,5.664815575
7680x4320.png,triangular_one_way_parallel,7680,4320,128,5,8,0,16,78.049651245,15.662183856,4.983318544
7680x4320.png,triangular_one_way_parallel,7680,4320,128,5,8,0,32,78.049651245,18.475874595,4.224409017
7680x4320.png,triangular_one_way_parallel,7680,4320,128,5,16,0,1,78.049651245,101.811048855,0.766612780
7680x4320.png,triangular_one_way_parallel,7680,4320,128,5,16,0,2,78.049651245,51.351849955,1.519899503
7680x4320.png,triangular_one_way_parallel,7680,4320,128,5,16,0,4,78.049651245,25.918935534,3.011298483
7680x4320.png,triangular_one_way_parallel,7680,4320,128,5,16,0,8,78.049651245,13.684852088,5.703360967
7680x4320.png,triangular_one_way_parallel,7680,4320,128,5,16,0,16,78.049651245,14.593860444,5.348115500
7680x4320.png,triangular_one_way_parallel,7680,4320,128,5,16,0,32,78.049651245,16.118054425,4.842374221
7680x4320.png,greedy_parallel,7680,4320,128,5,0,0,1,78.049651245,11.708188549,6.666244818
7680x4320.png,greedy_parallel,7680,4320,128,5,0,0,2,78.049651245,8.591625044,9.084387511
7680x4320.png,greedy_parallel,7680,4320,128,5,0,0,4,78.049651245,7.018041552,11.121286568
7680x4320.png,greedy_parallel,7680,4320,128,5,0,0,8,78.049651245,6.237306949,12.513357428
7680x4320.png,greedy_parallel,7680,4320,128,5,0,0,16,78.049651245,6.226026405,12.536029590
7680x4320.png,greedy_parallel,7680,4320,128,5,0,0,32,78.049651245,6.222251778,12.543634368
7680x4320.png,greedy_parallel,7680,4320,128,5,0,1,1,78.049651245,101.426670645,0.769518025
7680x4320.png,greedy_parallel,7680,4320,128,5,0,1,2,78.049651245,53.547545751,1.457576629
7680x4320.png,greedy_parallel,7680,4320,128,5,0,1,4,78.049651245,30.156299794,2.588170690
7680x4320.png,greedy_parallel,7680,4320,128,5,0,1,8,78.049651245,17.959462392,4.345879044
7680x4320.png,greedy_parallel,7680,4320,128,5,0,1,16,78.049651245,18.083881544,4.315978904
7680x4320.png,greedy_parallel,7680,4320,128,5,0,1,32,78.049651245,17.775175350,4.390935656
7680x4320.png,greedy_parallel,7680,4320,128,5,0,2,1,78.049651245,54.188356572,1.440339884
7680x4320.png,greedy_parallel,7680,4320,128,5,0,2,2,78.049651245,29.761139470,2.622535717
7680x4320.png,greedy_parallel,7680,4320,128,5,0,2,4,78.049651245,18.106958635,4.310478243
7680x4320.png,greedy_parallel,7680,4320,128,5,0,2,8,78.049651245,11.732106141,6.652654716
7680x4320.png,greedy_parallel,7680,4320,128,5,0,2,16,78.049651245,11.869294386,6.575761685
7680x4320.png,greedy_parallel,7680,4320,128,5,0,2,32,78.049651245,11.851490394,6.585640173
7680x4320.png,greedy_parallel,7680,4320,128,5,0,4,1,78.049651245,31.374849517,2.487650218
7680x4320.png,greedy_parallel,7680,4320,128,5,0,4,2,78.049651245,18.352406818,4.252829180
7680x4320.png,greedy_parallel,7680,4320,128,5,0,4,4,78.049651245,12.220451769,6.386805719
7680x4320.png,greedy_parallel,7680,4320,128,5,0,4,8,78.049651245,8.831550232,8.837593536
7680x4320.png,greedy_parallel,7680,4320,128,5,0,4,16,78.049651245,8.830449995,8.838694663
7680x4320.png,greedy_parallel,7680,4320,128,5,0,4,32,78.049651245,8.691413473,8.980087242
7680x4320.png,greedy_parallel,7680,4320,128,5,0,8,1,78.049651245,18.947990575,4.119151893
7680x4320.png,greedy_parallel,7680,4320,128,5,0,8,2,78.049651245,12.187246885,6.404206954
7680x4320.png,greedy_parallel,7680,4320,128,5,0,8,4,78.049651245,8.808334784,8.860886099
7680x4320.png,greedy_parallel,7680,4320,128,5,0,8,8,78.049651245,7.069323641,11.040610843
7680x4320.png,greedy_parallel,7680,4320,128,5,0,8,16,78.049651245,7.188367749,10.857771051
7680x4320.png,greedy_parallel,7680,4320,128,5,0,8,32,78.049651245,7.194837114,10.848008094
7680x4320.png,greedy_parallel,7680,4320,128,5,0,16,1,78.049651245,13.525991185,5.770346156
7680x4320.png,greedy_parallel,7680,4320,128,5,0,16,2,78.049651245,9.552764552,8.170373176
7680x4320.png,greedy_parallel,7680,4320,128,5,0,16,4,78.049651245,7.555759238,10.329822429
7680x4320.png,greedy_parallel,7680,4320,128,5,0,16,8,78.049651245,6.561468923,11.895149114
7680x4320.png,greedy_parallel,7680,4320,128,5,0,16,16,78.049651245,6.552019958,11.912303647
7680x4320.png,greedy_parallel,7680,4320,128,5,0,16,32,78.049651245,6.461695149,12.078819791
7680x4320.png,greedy_parallel,7680,4320,128,5,0,32,1,78.049651245,11.935600625,6.539231137
7680x4320.png,greedy_parallel,7680,4320,128,5,0,32,2,78.049651245,8.786512643,8.882892954
7680x4320.png,greedy_parallel,7680,4320,128,5,0,32,4,78.049651245,7.221352108,10.808176929
7680x4320.png,greedy_parallel,7680,4320,128,5,0,32,8,78.049651245,6.410328526,12.175608618
7680x4320.png,greedy_parallel,7680,4320,128,5,0,32,16,78.049651245,6.294995713,12.398682191
7680x4320.png,greedy_parallel,7680,4320,128,5,0,32,32,78.049651245,6.356395976,12.278915842
7680x4320.png,greedy_parallel,7680,4320,128,5,0,64,1,78.049651245,11.914671693,6.550717742
7680x4320.png,greedy_parallel,7680,4320,128,5,0,64,2,78.049651245,8.773341848,8.896228210
7680x4320.png,greedy_parallel,7680,4320,128,5,0,64,4,78.049651245,7.179451510,10.871255435
7680x4320.png,greedy_parallel,7680,4320,128,5,0,64,8,78.049651245,6.321169222,12.347344059
7680x4320.png,greedy_parallel,7680,4320,128,5,0,64,16,78.049651245,6.317484882,12.354544997
7680x4320.png,greedy_parallel,7680,4320,128,5,0,64,32,78.049651245,6.231209457,12.525602259
